,Uber Type,Origin Region,Destination Region,Origin Latitude,Origin Longitude,Destination Latitude,Destination Longitude,Journey Distance(m),Departure Date,Departure Time,Travel Time(s),Arrival Time,Fare$
ID1353490265,0,1,2,-37.8089487,144.9485829,-37.8225159,144.9477823,1971.4,2018-04-11,20:01:52,489.06,20:10:01,6.79
ID1230997353,0,2,6,-37.8207561,144.9484718,-37.7874325,144.9803767,5423,2018-04-08,1:59:10,1282.14,2:20:32,16.83
ID3900920320,1,2,3,-37.8148787,144.9449115,-37.8230867,145.0092817,6467.3,2018-04-03,9:51:14,1513.92,10:16:27,13.28
ID1641669780,0,9,4,-38.1109156,144.6541725,-37.8160204,145.0111408,47962,2018-03-18,6:54:45,11532.3,10:06:57,17.94
ID3570602280,1,8,7,-37.8158343,145.0464500,-37.8618349,144.9057160,15151,2018-02-11,0:57:27,4917.48,2:19:24,41.13
ID1775302226,0,7,9,-37.8618349,144.9057160,-38.1109156,144.6541725,50797,2018-05-10,16:46:38,13173.36,20:26:11,19.7
ID5170241576,2,3,9,-37.8169330,144.9833196,-38.1109156,144.6541725,45269,2018-03-21,9:32:37,10939.08,12:34:56,879.9
ID5682081504,2,9,8,-38.1109156,144.6541725,-37.8158343,145.0464500,51029.2,2018-03-25,4:42:14,12681.06,8:13:35,1042.76
ID1481780539,0,7,6,-37.8618349,144.9057160,-37.7874325,144.9803767,11633,2018-07-02,2:33:43,3645.3,3:34:28,15.77
ID1512445693,0,5,8,-37.8061103,144.9344397,-37.8158343,145.0464500,10167,2018-03-02,16:55:36,2866.32,17:43:22,9.07
ID3341886221,1,7,5,-37.8618349,144.9057160,-37.8129576,144.9336820,11370,2018-04-11,7:57:30,3715.44,8:59:25,23.48
ID1802433289,0,4,3,-37.8098006,144.9928419,-37.8109075,144.9888918,463.8,2018-01-27,11:25:15,127.92,11:27:22,6.26
ID3429815216,1,7,9,-37.8618349,144.9057160,-38.1109156,144.6541725,50797,2018-07-13,21:34:17,13173.36,1:13:50,77.2
ID3699582493,1,6,5,-37.7874421,144.9804091,-37.8028637,144.9281300,6275.2,2018-06-13,22:20:43,1616.1,22:47:39,23.42
ID1261941116,0,9,5,-38.1109156,144.6541725,-37.8049604,144.9315487,44334,2018-07-21,16:49:25,10629.24,19:46:34,20.04
ID3193201595,1,3,6,-37.8249905,144.9820473,-37.7738450,144.9836895,6639,2018-01-13,13:34:53,1438.26,13:58:51,19.52
ID3651392396,1,9,3,-38.1109156,144.6541725,-37.8210659,144.9843399,45509,2018-01-20,21:10:57,10977.84,0:13:54,69.04
ID1304029228,0,4,2,-37.7992121,145.0052504,-37.8179695,144.9485795,6473,2018-01-12,10:17:58,1638.18,10:45:16,3.75
ID1811367994,0,4,4,-37.8107465,144.9761891,-37.8028201,144.9956864,2610,2018-02-24,18:11:08,675.12,18:22:23,12.02
ID1239580466,0,2,5,-37.8179807,144.9319734,-37.8049962,144.9273434,2731,2018-01-07,12:31:13,689.58,12:42:42,12.85
ID3754097884,1,2,8,-37.8220982,144.9383513,-37.8158343,145.0464500,10396,2018-05-21,10:05:26,2962.56,10:54:48,19.35
ID1355325841,0,2,3,-37.8208139,144.9480607,-37.8197141,144.9985171,4870,2018-06-03,6:22:54,1129.74,6:41:43,6.81
ID1373896865,0,2,8,-37.8192943,144.9458405,-37.8072020,145.0266373,8307,2018-07-01,10:08:24,1946.76,10:40:50,6.11
ID1808067317,0,6,1,-37.7874325,144.9803767,-37.8113505,144.9528097,4451,2018-01-27,9:55:56,1088.46,10:14:04,9
ID3224064720,1,6,4,-37.7738450,144.9836895,-37.8119045,145.0035363,7019,2018-04-25,19:45:05,1560.84,20:11:05,17.03
ID1883765100,0,3,1,-37.8114234,144.9292193,-37.8114892,144.9647681,4289,2018-05-13,10:06:28,1108.62,10:24:56,7
ID5928847475,2,5,4,-37.8061632,144.9347763,-37.8033952,145.0033845,6835,2018-03-26,18:33:22,1768.98,19:02:50,160.03
ID3869150142,1,5,6,-37.8001749,144.9371792,-37.7874325,144.9803767,6186,2018-04-07,4:38:54,1659.78,5:06:33,25.74
ID1215413518,0,8,9,-37.8066242,144.9323335,-38.1109156,144.6541725,43556,2018-07-19,3:29:14,10432.74,6:23:06,20.77
ID3728892873,1,7,2,-37.8618349,144.9057160,-37.8092740,144.9375666,10386,2018-04-15,11:35:59,3429.36,12:33:08,24.95
ID1579562393,0,4,3,-37.8122155,145.0159673,-37.8207002,144.9849092,3690,2018-05-12,9:01:23,950.7,9:17:13,9.46
ID5535295766,2,1,6,-37.8164539,144.9592888,-37.7874325,144.9803767,4338,2018-02-28,6:40:06,1086.66,6:58:12,96.85
ID3310885268,1,9,8,-38.1109156,144.6541725,-37.8158343,145.0464500,51032,2018-06-19,9:25:12,12681.06,12:56:33,67.26
ID1927914634,0,2,9,-37.8117265,144.9297369,-38.1109156,144.6541725,44195,2018-01-16,22:11:05,10585.32,1:07:30,21.65
ID1725269651,0,7,9,-37.8618349,144.9057160,-38.1109156,144.6541725,50797,2018-03-24,2:56:31,13173.36,6:36:04,28.4
ID1201891724,0,7,7,-37.7908183,144.9857929,-37.8618349,144.9057160,11712,2018-03-07,8:22:35,3717.48,9:24:32,6.38
ID1797329070,0,8,9,-37.8158343,145.0464500,-38.1109156,144.6541725,51032,2018-02-18,18:39:58,12681.06,22:11:19,22.72
ID3520829459,1,4,3,-37.8034263,145.0057089,-37.8155207,144.9880593,2651,2018-02-27,5:08:23,666.72,5:19:29,17.47
ID5536222719,2,8,3,-37.8158343,145.0464500,-37.8258956,144.9843895,6890,2018-07-16,1:36:38,1987.68,2:09:45,187.69
ID3940241788,1,2,4,-37.8118268,144.9405883,-37.8097873,144.9928440,4922,2018-06-14,22:57:49,1239.12,23:18:28,19.43
ID1211838442,0,5,3,-37.7989809,144.9364074,-37.8158343,145.0464500,10077,2018-03-02,3:16:39,2817.48,4:03:36,14.55
ID3950644955,1,8,4,-37.8072020,145.0266373,-37.8132144,145.0141962,2660,2018-05-05,4:05:21,639.96,4:16:00,20.91
ID3490838321,1,2,9,-37.8189540,144.9432642,-38.1109156,144.6541725,41282,2018-06-21,18:29:31,9907.68,21:14:38,58.48
ID1353377172,0,2,3,-37.8183272,144.9486386,-37.8064779,144.9378783,1761,2018-06-06,8:01:04,431.04,8:08:15,0.8
ID1584881626,0,7,1,-37.8618349,144.9057160,-37.8011319,144.9527802,9889,2018-02-10,7:18:21,3246.3,8:12:27,10.49
ID3461942017,1,9,1,-38.1109156,144.6541725,-37.8095139,144.9577448,43300,2018-06-24,23:09:07,10477.74,2:03:44,70.26
ID1522249197,0,6,5,-37.7874325,144.9803767,-37.8169526,144.9274736,7436,2018-05-04,11:23:07,1871.76,11:54:18,3.8
ID1301276229,0,7,8,-37.8618349,144.9057160,-37.8158343,145.0464500,15151,2018-07-25,23:41:32,4911.6,1:03:23,16.79
ID3297369032,1,6,1,-37.7907967,144.9858650,-37.8219199,144.9725456,4678,2018-07-15,6:28:54,1351.56,6:51:25,15.69
ID3359282851,1,4,3,-37.7968922,145.0095675,-37.8172963,144.9879749,3853,2018-04-11,11:00:23,967.98,11:16:30,11.12
ID1849692724,0,7,6,-37.8618349,144.9057160,-37.7907967,144.9858650,11711,2018-07-04,12:31:33,3859.8,13:35:52,10.35
ID1648866593,0,8,2,-37.8158343,145.0464500,-37.8139761,144.9364681,10433,2018-04-01,20:29:07,2897.7,21:17:24,16.08
ID5506500519,2,6,3,-37.7738450,144.9836895,-37.8016619,144.9386283,9032,2018-02-04,21:19:18,2184,21:55:42,210.44
ID3863865793,1,1,5,-37.8244182,144.9483690,-37.8101492,144.9320379,2669,2018-02-17,1:28:14,641.22,1:38:55,20.19
ID5458040016,2,2,4,-37.8189974,144.9465067,-37.8003400,145.0041048,6543,2018-04-11,20:14:47,1634.58,20:42:01,151.91
ID1197986845,0,4,2,-37.8107693,145.0107270,-37.8093112,144.9296687,8550,2018-06-17,4:08:59,2133,4:44:32,19.02
ID3627317284,1,3,1,-37.8167250,144.9990208,-37.8209083,144.9423016,5411,2018-03-20,1:26:23,1369.2,1:49:12,20.88
ID3622280026,1,6,5,-37.7907967,144.9858650,-37.8048531,144.9252837,7035,2018-06-11,0:07:34,2019.24,0:41:13,24.25
ID1184423934,0,5,3,-37.8036511,144.9365946,-37.8199590,144.9684040,3940,2018-04-21,18:51:11,1038.18,19:08:29,11.6
ID1357456136,0,9,6,-38.1109156,144.6541725,-37.7907967,144.9858650,47193,2018-05-15,17:46:46,11535.78,20:59:01,17.67
ID5161528454,2,4,9,37.8152822,145.0029326,-38.1109156,144.6541725,47227,2018-06-09,23:46:53,11333.34,2:55:46,936.4
ID1469557062,0,3,8,-37.8119739,144.9860430,-37.8158343,145.0464500,5552,2018-01-08,10:19:39,1662.42,10:47:21,4.35
ID1561127549,0,7,5,-37.8618349,144.9057160,-37.8092740,144.9375666,10386,2018-03-12,8:02:49,3429.36,8:59:58,6.22
ID1146226407,0,1,6,-37.8183378,144.9652802,-37.7874325,144.9803767,4132,2018-01-12,21:48:23,992.04,22:04:55,11.63
ID1762308459,0,9,5,-38.1109156,144.6541725,-37.8065618,144.9379647,43357,2018-01-22,11:03:03,10452.96,13:57:15,12.46
ID5945525805,2,8,5,-37.8158343,145.0464500,-37.8129796,144.9336409,11212,2018-06-22,6:18:19,3121.98,7:10:20,259.13
ID1846276858,0,5,1,37.8029407,144.9307492,-37.8088117,144.9739217,4394,2018-06-16,2:26:03,1149.24,2:45:12,15.52
ID3139094242,1,6,8,-37.7738450,144.9836895,-37.8158343,145.0464500,10698,2018-05-11,21:20:32,2756.46,22:06:28,24.89
ID1879821607,0,2,3,37.8149668,144.9451365,-37.8163794,144.9846185,3990,2018-02-21,19:12:16,934.02,19:27:50,8.8
ID3995401868,1,5,4,-37.8054876,144.9368074,-37.8014069,145.0031970,6729,2018-05-27,17:30:13,1758.96,17:59:31,22.37
ID1697200795,0,1,4,-37.8189045,144.9527167,-37.8012188,145.0085809,6452,2018-07-25,18:16:44,1563.66,18:42:47,8.72
ID1648155737,0,2,9,-37.8146711,144.9376032,-38.1109156,144.6541725,42616,2018-07-20,1:12:17,10225.08,4:02:42,21.23
ID3648131419,1,3,1,37.8184546,144.9904617,-37.8212372,144.9614310,2880,2018-01-23,18:23:03,670.98,18:34:13,13.29
ID1751291242,0,3,4,37.8204822,144.9948056,-37.7995544,145.0101972,3624,2018-07-02,18:58:02,958.38,19:14:00,7.72
ID5556600777,2,5,7,-37.8008476,144.9347748,-37.8618349,144.9057160,13762,2018-01-23,19:55:14,4296.72,21:06:50,362.05
ID1306620771,0,5,2,-37.8080056,144.9362680,-37.8121733,144.9380440,673,2018-03-20,23:29:19,156.78,23:31:55,13.02
ID1737656638,0,2,1,-37.8155778,144.9388428,-37.8033485,144.9526442,2148,2018-03-10,5:46:14,544.38,5:55:18,15.09
ID1705860745,0,6,3,-37.7738450,144.9836895,37.8240241,144.9906328,6760,2018-06-17,8:55:08,1359.54,9:17:47,10.17
ID1297460063,0,3,4,-37.8095238,144.9904915,-37.8103255,145.0019927,1068,2018-03-25,11:03:57,235.86,11:07:52,9.53
ID1947083059,0,2,4,-37.8147009,144.9360494,-37.8118559,145.0058842,6696,2018-07-23,17:50:43,1677.6,18:18:40,8.43
ID5170967915,2,4,8,-37.8108562,145.0155830,-37.8158343,145.0464500,4428,2018-07-17,0:01:05,1402.26,0:24:27,141.63
ID1890425537,0,9,4,-38.1109156,144.6541725,-37.8118717,144.9999248,46812,2018-02-07,22:04:13,11189.82,1:10:42,20.43
ID3928676363,1,2,3,-37.8167317,144.9274527,37.8165445,144.9872280,6506,2018-03-28,22:40:44,1608.96,23:07:32,22.48
ID3277910663,1,7,3,-37.8618349,144.9057160,-37.8174930,144.9799953,8828,2018-06-18,2:59:54,2942.46,3:48:56,27.01
ID5253623073,2,6,1,-37.7907967,144.9858650,37.8121762,144.9739355,3080,2018-07-02,19:14:01,877.92,19:28:38,90.52
ID1991389203,0,9,6,-38.1109156,144.6541725,37.7738026,144.9836466,51061,2018-03-08,20:23:39,12952.44,23:59:31,17.17
ID3762638935,1,2,9,-37.8143214,144.9380749,38.1109156,144.6541725,42579,2018-03-27,8:37:17,10214.34,11:27:31,55.35
ID3968380877,1,7,2,-37.8618349,144.9057160,-37.8219709,144.9507234,8585,2018-07-24,12:17:52,2942.64,13:06:54,23.02
ID1559639691,0,4,3,-37.8042200,145.0024501,-37.8256481,144.9845656,3676,2018-07-07,9:59:35,897.54,10:14:32,7.15
ID3799415991,1,8,9,-37.8072020,145.0266373,-38.1109156,144.6541725,49777,2018-01-26,0:38:04,12069.78,3:59:13,72.15
ID1750863298,0,3,1,-37.8253545,144.9951058,-37.8196782,144.9712076,2789,2018-02-17,5:37:05,714.24,5:48:59,16.54
ID1213516405,0,4,5,-37.8046753,144.9981500,-37.7994758,144.9368155,5957,2018-05-26,15:47:26,1569.78,16:13:35,13.48
ID3604419371,1,4,9,-37.8118410,145.0027823,-38.1109156,144.6541725,47071,2018-07-25,6:01:10,11281.14,9:09:11,61.3
ID3885120082,1,1,6,-37.8209904,144.9552987,-37.7738026,144.9836466,9399,2018-02-01,23:29:56,2893.02,0:18:09,26.12
ID1804141128,0,3,7,-37.8242946,144.9821484,-37.8618349,144.9057160,8847,2018-04-12,21:43:19,2905.02,22:31:44,15.13
ID1464679814,0,8,5,-37.8072020,145.0266373,-37.8108227,144.9320779,10237,2018-07-06,14:43:21,2597.2,15:26:19,10.68
ID3791334154,1,8,5,-37.8158343,145.0464500,-37.8025250,144.9270871,10786,2018-06-25,6:59:58,3053.88,7:50:51,20.52
ID1485613891,0,2,6,-37.8159715,144.9370442,-37.7738450,144.9836895,7156,2018-02-13,2:09:41,1565.16,2:35:46,13.03
ID3279026160,1,9,3,-38.1109156,144.6541725,-37.8209896,144.9771963,44898,2018-07-15,12:53:12,10800,15:53:12,66.45
ID3310577965,1,9,6,-38.1109156,144.6541725,-37.7874421,144.9804091,47035,2018-07-14,23:54:22,11413.02,3:04:35,72.51
ID3113380796,1,7,1,-37.8618349,144.9057160,-37.8062264,144.9596340,8974,2018-04-22,21:37:10,3126.24,22:27:52,31.4
ID3546701905,1,7,5,-37.8618349,144.9057160,-37.8151929,144.9275496,11762,2018-06-06,9:14:31,3759.56,10:17:38,22.87
ID3810719801,1,9,7,-38.1109156,144.6541725,-37.8618349,144.9057160,50797,2018-04-14,9:21:31,13204.98,13:01:35,72.23
ID3543062654,1,1,4,-37.7995333,144.9531717,-37.8105799,145.0007616,4658,2018-02-18,3:10:11,1098.3,3:28:29,22.71
ID1282131648,0,2,8,-37.8232897,144.9399679,-37.8072020,145.0266373,9041,2018-01-04,8:36:05,2383.96,9:14:23,4.12
ID3235198703,1,4,9,-37.8071296,144.9957194,-38.1109156,144.6541725,46671,2018-07-16,17:55:15,11257.14,21:02:52,65.45
ID3861797896,1,1,8,-37.8190077,144.9543041,-37.8158343,145.0464500,8678,2018-07-10,3:09:40,2452.38,3:49:47,26.55
ID1995974932,0,6,7,-37.7738026,144.9836466,-37.8618349,144.9057160,16033,2018-01-13,14:33:41,5389.56,16:02:24,16.92
ID5436222134,2,8,3,-37.8072020,145.0266373,-37.8243546,145.0079985,3744,2018-07-06,20:15:57,915.9,20:31:12,95.83
ID5453881494,2,9,6,-38.1109156,144.6541725,-37.7907967,144.9858650,47193,2018-03-19,4:18:01,11525.78,7:30:16,946.05
ID3285441611,1,7,8,-37.8618349,144.9057160,-37.8158343,145.0464500,15151,2018-05-17,1:28:25,4911.6,2:50:16,38.47
ID1248183562,0,9,2,-38.1109156,144.6541725,-37.8255903,144.9455491,42388,2018-03-28,8:34:54,10179.9,11:24:33,12.8
ID1585150842,0,6,2,-37.7907967,144.9858650,-37.8124127,144.9376431,6102,2018-05-12,0:56:55,1686.96,1:25:01,19.03
ID3806258005,1,6,2,-37.7874325,144.9803767,-37.8215407,144.9449527,5746,2018-06-04,16:23:19,1402.28,16:45:45,16.48
ID3237571020,1,3,9,-37.8132496,144.9737466,-38.1109156,144.6541725,44333,2018-04-26,15:17:10,10621.44,18:14:11,60.51
ID3949958317,1,1,2,-37.8133130,144.9396030,-37.8210297,144.9430170,1688,2018-06-04,5:02:34,424.8,5:09:38,16.85
ID5148711769,2,2,7,-37.8245536,144.9468872,-37.8618349,144.9057160,8859,2018-07-05,5:08:38,3181.08,6:00:33,276.21
ID1664732046,0,4,8,-37.7970508,144.9931629,-37.8158343,145.0464500,6120,2018-01-11,5:54:12,1882.14,6:25:34,14.27
ID1182263636,0,3,5,-37.8240474,144.9901253,-37.8100391,144.9047525,8355,2018-07-26,21:51:54,2190.42,22:28:24,14.58
ID3493798564,1,8,3,-37.8158343,145.0464500,-37.8196346,144.9849957,6279,2018-07-01,17:09:09,1914.48,17:41:03,22.02
ID5337173148,2,1,8,-37.8118537,144.9583358,-37.8072020,145.0266373,6777,2018-04-03,1:27:43,1754.16,1:56:57,170.01
ID1997852581,0,9,5,-38.1109156,144.6541725,-37.7993288,144.9248188,48687,2018-03-15,8:17:12,11985.96,11:36:57,14.18
ID1712604969,0,4,8,-37.8064250,145.0080358,-37.8158343,145.0464500,3885,2018-05-12,11:41:39,1266.84,16:13:14,7.45
ID1662037198,0,9,5,-38.1109156,144.6541725,-37.8152116,144.9275535,44350,2018-03-13,12:06:27,10662.36,15:04:09,17.75
ID1320429358,0,4,6,-37.8124253,144.9987884,-37.7738026,144.9836466,9549,2018-04-23,2:59:25,2895.6,3:47:40,15.15
ID1778210730,0,4,3,-37.8033457,145.0186230,-37.8188443,145.0068388,3769,2018-07-18,3:04:11,938.34,3:19:49,13.15
ID1409054086,0,4,8,-37.7997507,144.9943718,-37.8072020,145.0266373,3164,2018-06-12,11:23:22,843.42,13:22:43,4.44
ID1742782931,0,1,7,-37.8138929,144.9592399,-37.8618349,144.9057160,8459,2018-01-28,0:07:52,2898.24,2:59:56,20.17
ID3341657084,1,3,5,-37.8235408,144.9714298,-37.7999032,144.9276290,5455,2018-07-16,16:24:06,1375.14,16:47:01,15.94
ID3401230404,1,8,5,-37.8072020,145.0266373,-37.8023534,144.9305568,9354,2018-02-09,19:57:29,2455.02,21:40:19,22.1
ID1465122383,0,6,5,-37.7908183,144.9857929,-37.8044517,144.9345180,6174,2018-05-18,18:16:56,1670.46,18:44:46,7.56
ID1378533632,0,3,6,-37.8152202,144.9898946,-37.7874325,144.9803767,4077,2018-01-23,12:59:03,1055.22,16:27:54,8.83
ID1458963226,0,7,8,-37.8618349,144.9057160,-37.8158343,145.0464500,15151,2018-03-04,13:25:04,4911.6,14:46:55,17.24
ID1298981694,0,1,6,-37.8022658,144.9620746,-37.7874325,144.9803767,3153,2018-01-08,0:01:35,785.7,1:05:34,13.11
ID1783126436,0,9,3,-38.1109156,144.6541725,-37.8195727,144.9973713,46664,2018-01-26,13:59:20,11171.4,17:05:31,16.2
ID3608601964,1,8,6,-37.8072020,145.0266373,-37.7908183,144.9857929,4835,2018-01-23,18:45:14,1248.96,19:06:02,15.43
ID1875862177,0,6,5,-37.7907967,144.9858650,-37.8149608,144.9275528,8008,2018-07-07,13:57:13,2168.58,14:33:21,12.71
ID3771335077,1,3,5,-37.8177501,144.9918018,-37.8051219,144.9261401,6727,2018-03-19,7:54:21,1727.46,8:23:08,13.48
ID5602611954,2,9,2,-38.1109156,144.6541725,-37.8145363,144.9354230,42892,2018-04-20,2:41:08,10304.82,5:32:52,848.1
ID3171525734,1,8,1,-37.8158343,145.0464500,-37.8204493,144.9566883,8440,2018-01-13,16:00:27,2433.42,18:30:51,25.3
ID3208696114,1,1,9,-37.8097100,144.9728337,-38.1109156,144.6541725,44432,2018-01-14,18:02:03,10666.92,20:59:49,63.24
ID3526901039,1,9,1,-38.1109156,144.6541725,-37.8197772,144.9437517,41385,2018-04-17,7:06:17,9933.78,8:05:22,53.29
ID5122873296,2,8,7,-37.8072020,145.0266373,-37.8618349,144.9057160,13986,2018-05-03,3:16:23,4298.28,3:58:57,372.78
ID3441786118,1,2,5,-37.8117367,144.9383203,-37.8028844,144.9339450,1324,2018-05-04,2:38:56,354.54,2:44:50,17.43
ID3328380500,1,7,1,-37.8618349,144.9057160,-37.8150989,144.9522992,8844,2018-07-14,14:01:31,3009.72,17:22:21,28.37
ID3331490309,1,4,9,-37.8123775,145.0161090,-38.1109156,144.6541725,49068,2018-05-18,2:42:29,11885.1,6:00:34,71.05
ID5487734735,1,5,3,-37.8073876,144.9322708,-37.8246219,144.9896210,6059,2018-04-09,14:52:45,1566.42,15:18:51,144.69
ID3595786725,3,6,4,-37.7908183,144.9857929,-37.8101503,144.9965522,3168,2018-02-24,0:00:20,786.3,0:13:26,21.38
ID1519826136,0,3,4,-37.8167966,144.9699858,-37.8040971,144.9954897,3248,2018-07-22,14:39:48,879.48,14:54:27,12.59
ID1629253888,1,9,3,-38.1109156,144.6541725,-37.8289044,144.9866979,46015,2018-02-27,18:55:06,11097.18,22:00:03,15.98
ID1248506783,1,7,6,-37.8618349,144.9057160,-37.7907967,144.9858650,11711,2018-05-21,2:19:06,3859.8,3:23:25,14.6
ID3664245263,1,4,9,-37.8027747,145.0126410,-38.1109156,144.6541725,48497,2018-02-04,21:28:02,11825.4,0:45:07,75.93
ID1994673250,3,3,6,-37.8247274,144.9848899,-37.7907967,144.9858650,4169,2018-02-06,16:22:11,1185.9,16:41:56,7.95
ID1820013431,0,4,6,-37.8067796,144.9994498,-37.7874421,144.9804091,3916,2018-01-05,2:26:15,1007.88,2:43:02,13.4
ID3879710976,1,2,9,-37.8217763,144.9519159,-38.1109156,144.6541725,42345,2018-04-17,19:18:12,10170.66,22:07:42,59.86
ID3596442961,1,6,7,-37.7874325,144.9803767,-37.8618349,144.9057160,11633,2018-07-10,3:10:57,3663.78,4:12:00,30.98
ID5954072153,2,4,1,-37.8132344,145.0001751,-37.8135741,144.9411848,5762,2018-05-28,10:09:28,1395.12,10:32:43,121.86
ID1168210116,3,4,1,-37.8057988,144.9947996,-37.8161164,144.9383974,5691,2018-06-05,11:11:08,1471.08,11:35:39,4.39
ID3771314392,2,6,8,-37.7874325,144.9803767,-37.8072020,145.0266373,5793,2018-04-24,12:42:56,1493.52,13:07:49,17.93
ID3326150272,3,2,9,-37.8244364,144.9435555,-38.1109156,144.6541725,42487,2018-06-21,3:42:23,10230.84,6:32:53,63.84
ID5618540029,2,5,2,-37.8053892,144.9255009,-37.8101691,144.9365608,1344,2018-04-11,4:09:37,335.82,4:15:12,55.85
ID3559697840,1,7,2,-37.8618349,144.9057160,-37.8173448,144.9460826,9350,2018-06-23,6:08:31,3124.26,7:00:35,24.91
ID1734740944,0,7,1,-37.8618349,144.9057160,-37.8132985,144.9646315,8340,2018-04-07,15:25:11,2856.06,16:12:47,14.23
ID3964078497,1,3,2,-37.8170182,144.9853704,-37.8236763,144.9377404,4634,2018-03-17,10:31:09,1214.7,10:51:23,15.95
ID1709952282,0,7,9,-37.8618349,144.9057160,-38.1109156,144.6541725,50797,2018-07-16,17:30:30,13173.36,21:10:03,19.61
ID1286043154,0,7,1,-37.8618349,144.9057160,-37.8219347,144.9554417,8168,2018-03-22,15:57:37,2842.74,16:44:59,10.01
ID5835268291,2,3,6,-37.8233497,144.9765454,-37.7738450,144.9836895,6184,2018-02-09,11:55:05,1396.26,11:31:49,122.09
ID1607017343,0,8,5,-37.8072020,145.0266373,-37.8045032,144.9285612,9395,2018-07-01,2:17:13,2430.54,2:57:43,17.11
ID3173697037,1,7,5,-37.8618349,144.9057160,-37.8060456,144.9314705,11050,2018-07-24,5:07:20,3542.04,6:06:22,32.76
ID3950922978,1,6,1,-37.7907967,144.9858650,-37.8092779,144.9738332,2865,2018-07-28,20:21:45,812.46,20:08:13,15.42
ID1922844271,0,1,7,-37.8075459,144.9627241,-37.8618349,144.9057160,8896,2018-06-15,13:07:29,3021.18,13:57:50,9.16
ID1372004823,0,3,4,-37.8118516,144.9935419,-37.8097671,144.9926624,327,2018-01-14,16:21:31,93.24,16:23:04,12.06
ID1150510634,0,4,2,-37.8117262,145.0126710,-37.8091367,144.9372571,7163,2018-06-12,6:48:34,1743.66,7:17:37,6.66
ID3369983436,1,8,5,-37.8158343,145.0464500,-37.8043801,144.9297315,10562,2018-03-06,7:49:11,3030.18,8:39:41,21.42
ID1286922795,0,2,5,-37.8245206,144.9458166,-37.8056537,144.9332706,3169,2018-03-24,1:16:39,767.82,1:29:26,18.31
ID3687129864,1,6,3,-37.7874325,144.9803767,-37.8211678,144.9726090,4521,2018-03-10,20:51:29,1172.58,20:31:57,19.15
ID3431155636,1,8,2,-37.8072020,145.0266373,-37.8128400,144.9430922,8134,2018-06-13,15:13:54,2035.86,15:47:49,20.12
ID1794422878,0,7,1,-37.8618349,144.9057160,-37.8119969,144.9415189,9992,2018-04-16,21:56:53,3292.92,21:02:01,15.93
ID1154536259,0,1,5,-37.8100727,144.9762159,-37.8075805,144.9324425,4654,2018-05-23,21:34:58,1139.46,21:15:59,13.67
ID5634909829,2,3,2,-37.8161788,145.0074542,-37.8261076,144.9491163,5946,2018-02-15,21:21:39,1458.06,21:45:57,146.13
ID1414611490,0,3,8,-37.8168452,144.9894490,-37.8158343,145.0464500,5890,2018-06-22,5:10:59,1756.26,5:40:15,13.19
ID1376106016,0,5,8,-37.7994083,144.9365256,-37.8158343,145.0464500,10029,2018-05-20,13:32:27,2806.92,14:19:13,13.31
ID1126530731,0,3,8,-37.8149183,144.9827526,-37.8072020,145.0266373,4974,2018-05-15,5:52:28,1215.42,5:32:13,12.08
ID3714970297,1,7,1,-37.8618349,144.9057160,-37.8144752,144.9497557,9830,2018-02-09,3:15:55,3314.76,2:20:41,28.46
ID1921748079,0,4,5,-37.8145419,145.0139865,-37.8048149,144.9257383,8327,2018-04-10,2:12:30,2125.2,2:47:55,14.5
ID3621879868,1,3,8,-37.8163302,144.9958943,-37.8072020,145.0266373,3810,2018-03-12,1:54:14,924.72,1:38:50,18.89
ID3819828699,1,5,9,-37.8187435,144.9166258,-38.1109156,144.6541725,44661,2018-04-05,11:42:18,10812.18,8:42:06,58.51
ID1744230804,0,9,7,-38.1109156,144.6541725,-37.8618349,144.9057160,50797,2018-06-13,11:03:36,13204.98,7:23:32,14.34
ID1157830375,0,2,7,-37.8105543,144.9382144,-37.8618349,144.9057160,10333,2018-01-04,8:39:11,3366.36,9:35:17,6.88
ID1114243736,0,1,8,-37.8119833,144.9614346,-37.8158343,145.0464500,7773,2018-05-14,11:56:40,2265.66,12:34:25,5.87
ID5408737968,2,5,2,-37.8090399,144.9291498,-37.8122697,144.9371864,994,2018-04-15,11:44:16,266.7,11:48:42,38.37
ID3958583148,1,5,8,-37.7949801,144.9309314,-37.8158343,145.0464500,11319,2018-02-08,4:39:24,3109.32,5:31:13,28.68
ID3725909802,1,2,9,-37.8154496,144.9415962,-38.1109156,144.6541725,42109,2018-03-26,19:12:17,10089.9,22:00:26,59.47
ID1828094524,0,9,7,-38.1109156,144.6541725,-37.8618349,144.9057160,50797,2018-06-03,16:37:55,13204.98,20:17:59,21.37
ID3928692387,1,6,9,-37.7907967,144.9858650,-38.1109156,144.6541725,47193,2018-01-04,7:10:40,11530.62,10:22:50,61.8
ID3349327547,1,6,7,-37.7738026,144.9836466,-37.8618349,144.9057160,16033,2018-06-21,2:42:48,5323.56,4:11:31,40.57
ID3621853643,1,3,7,-37.8136649,144.9878231,-37.8618349,144.9057160,9841,2018-06-03,11:14:29,3296.28,12:09:25,24.83
ID1303925398,0,6,3,-37.7738450,144.9836895,-37.8136381,145.0000990,6929,2018-04-27,20:44:32,1531.44,21:10:03,8.91
ID3850586808,1,9,2,-38.1109156,144.6541725,-37.8233965,144.9355797,43309,2018-01-23,3:38:39,10466.16,6:33:05,63.62
ID3482214547,1,8,3,-37.8072020,145.0266373,-37.8242126,144.9733404,6568,2018-05-01,4:01:47,1609.44,4:28:36,22.89
ID3724691430,1,3,2,-37.8221131,144.9740152,-37.8216110,144.9362424,3760,2018-03-12,12:28:06,949.26,12:43:55,14.74
ID1384754696,0,4,3,-37.8129967,145.0105475,-37.8186271,144.9679277,4462,2018-02-11,2:38:16,1124.46,2:57:00,16.33
ID3327913635,1,6,1,-37.7738450,144.9836895,-37.8013080,144.9742145,3591,2018-01-09,22:42:41,674.88,22:53:55,17.93
ID1189029704,0,4,6,-37.8048062,144.9981236,-37.7738450,144.9836895,6119,2018-03-05,5:43:20,1327.26,6:05:27,14
ID3212977384,1,2,1,-37.8129301,144.9372432,-37.8205146,144.9661206,3631,2018-01-24,6:29:47,937.62,6:45:24,10
ID1157760337,0,4,2,-37.8082181,145.0096288,-37.8248590,144.9473675,6695,2018-14-04,10:03:26,1733.34,10:32:19,10.29
ID1727106474,0,9,3,-38.1109156,144.6541725,-37.8086595,144.9954898,46636,2018-14-04,0:36:17,11189.1,3:42:46,25.53
ID1268503358,0,8,2,-37.8158343,145.0464500,-37.8126722,144.9447694,9354,2018-03-16,3:18:49,2628.54,4:02:37,14.14
ID1485557125,0,3,4,-37.8245484,144.9885013,-37.7993649,144.9929695,2866,2018-07-15,19:51:35,726.12,20:03:41,12.32
ID1522715981,0,6,4,-37.7738450,144.9836895,-37.7994435,144.9890606,5117,2018-04-03,23:04:03,1059.66,23:21:42,12.44
ID3192232341,1,8,7,-37.8158343,145.0464500,-37.8618349,144.9057160,15151,2018-02-30,9:46:52,4917.48,11:08:49,28.98
ID3689483479,1,5,8,-37.8120228,144.9262547,-37.8158343,145.0464500,11143,2018-02-30,0:20:10,3131.16,1:12:21,28.38
ID1613583978,0,1,9,-37.8188828,144.9525659,-38.1109156,144.6541725,42752,2018-06-28,0:09:24,10276.44,3:00:40,19.73
ID3206679758,1,1,9,-37.8201307,144.9583071,-38.1109156,144.6541725,42956,2018-03-05,5:15:05,10351.32,8:07:36,64.18
ID1271159965,0,2,1,-37.8138355,144.9372356,-37.8126384,144.9647772,2945,2018-07-14,3:28:42,718.92,3:40:40,15.64
ID3564514571,1,9,3,-38.1109156,144.6541725,-37.8255375,144.9668224,44137,2018-06-31,1:34:25,10696.08,4:32:41,65.17
ID5235236562,2,7,9,-37.8618349,144.9057160,-38.1109156,144.6541725,50797,2018-02-30,5:49:40,13173.36,9:29:13,1075.71
ID3903995012,1,1,8,-37.8043264,144.9472998,-37.8158343,145.0464500,8915,2018-06-31,4:58:17,2561.52,5:40:58,28.09
ID3734306677,1,2,7,-37.8128777,144.9391917,-37.8618349,144.9057160,10236,2018-07-25,5:57:50,3366.36,6:53:56,29.16
ID3435256631,1,8,2,-37.8158343,145.0464500,-37.8151780,144.9366701,10033,2018-07-16,19:10:34,2807.46,19:57:21,23.46
ID5255899352,2,2,8,-37.8134727,144.9375948,-37.8158343,145.0464500,10114,2018-04-31,17:57:43,2844.78,18:45:07,247.54
ID3618617252,1,5,7,-37.8064960,144.9325212,-37.8618349,144.9057160,10961,2018-04-31,16:25:45,3504.3,17:24:09,29.58
ID3907820036,1,1,3,-37.8139869,144.9716051,-37.8216397,144.9676845,1328,2018-02-30,15:14:30,369.18,15:20:39,15.05
ID5915527836,2,5,7,-37.8025870,144.9349985,-37.8618349,144.9057160,11309,2018-04-31,6:28:06,3607.08,7:28:13,297.08
ID1812573608,0,8,9,-37.8072020,145.0266373,-38.1109156,144.6541725,49777,2018-05-12,4:18:10,12069.78,7:39:19,27.23
ID1273620764,0,5,2,-37.8047601,144.9366538,-37.8237941,144.9474733,2609,2018-07-19,15:00:01,557.04,15:09:18,8.91
ID1391647836,0,3,2,-37.8229321,145.0106286,-37.8164079,144.9373472,7410,2018-05-13,0:29:56,1780.92,0:59:36,18.64
ID1341528292,0,7,8,-37.8618349,144.9057160,-37.8158343,145.0464500,15151,2018-07-06,4:46:42,4911.6,6:08:33,15.99
ID1907142851,0,7,4,-37.8618349,144.9057160,-37.8074124,144.9985205,11170,2018-02-30,10:48:01,3623.82,11:48:24,7.19
ID1854390155,0,9,2,-38.1109156,144.6541725,-37.8165079,144.9458344,41796,2018-03-13,3:26:51,10074.84,6:14:45,20.57
ID3954033067,1,1,7,-37.8081652,144.9729806,-37.8618349,144.9057160,9222,2018-04-05,5:02:18,3072.3,5:53:30,29.06
ID3619843825,1,7,4,-37.8618349,144.9057160,-37.8166690,145.0088260,11602,2018-02-10,18:27:34,3656.76,19:28:30,30.97
ID1730743821,0,4,8,-37.8016696,145.0035507,-37.8158343,145.0464500,5312,2018-06-02,17:32:04,1655.28,17:59:39,14.11
ID3679520581,1,6,5,-37.7907967,144.9858650,-37.8050300,144.9307406,6952,2018-04-20,11:47:11,1951.62,12:19:42,15.59
ID5766980851,2,8,9,-37.8072020,145.0266373,-38.1109156,144.6541725,49777,2018-03-20,0:09:56,12069.78,3:31:05,988.61
ID3466078612,1,1,3,-37.8167275,144.9523424,-37.8249344,144.9921722,4598,2018-04-23,16:34:09,1068.48,16:51:57,15.72
ID5996638518,2,9,7,-38.1109156,144.6541725,-37.8618349,144.9057160,50797,2018-05-20,10:45:48,13204.98,14:25:52,1066.3
ID5538133165,2,6,4,-37.7907967,144.9858650,-37.8144826,144.9998993,3872,2018-07-02,0:19:45,1079.16,0:37:44,116.19
ID1241310965,0,8,1,-37.8158343,145.0464500,-37.8069329,144.9589300,7843,2018-04-26,12:33:01,2263.32,13:10:44,11.21
ID1431032615,0,1,2,-37.8172745,144.9533612,-37.8117394,144.9361524,2415,2018-05-12,7:21:36,572.7,7:31:08,6.39
ID5212882793,2,2,9,-37.8143416,144.9473668,-38.1109156,144.6541725,42107,2018-02-09,22:46:41,10149.6,1:35:50,835.89
ID3220786171,1,7,1,-37.8618349,144.9057160,-37.8133298,144.9654995,8226,2018-05-02,22:08:30,2826.96,22:55:36,26.84
ID1352594294,0,7,5,-37.8618349,144.9057160,-37.8043734,144.9286364,11358,2018-06-07,9:19:28,3653.34,10:20:21,7.13
ID3655036347,1,8,7,-37.8158343,145.0464500,-37.8618349,144.9057160,15151,2018-04-16,1:38:39,4917.48,3:00:36,38.49
ID1656330325,0,2,5,-37.8152883,144.9278650,-37.8052299,144.9369713,3163,2018-05-16,4:06:52,746.58,4:19:18,13.09
ID5543618206,2,7,4,-37.8618349,144.9057160,-37.8086578,144.9933375,10573,2018-01-25,0:48:29,3491.52,1:46:40,308.74
ID3175544790,1,9,4,-38.1109156,144.6541725,-37.8053404,144.9960208,46870,2018-07-11,3:01:54,11370.6,6:11:24,68.43
ID5908328598,2,7,2,-37.8618349,144.9057160,-37.8245951,144.9483863,8763,2018-05-13,15:30:52,2975.16,16:20:27,262.3
ID1500772144,0,6,2,-37.7874421,144.9804091,-37.8204843,144.9493105,5335,2018-06-05,21:09:17,1295.52,21:30:52,14.34
ID1903082741,0,9,5,-38.1109156,144.6541725,-37.7945700,144.9358023,45740,2018-02-04,11:12:41,10989.12,14:15:50,16.5
ID1610189481,0,2,7,-37.8137504,144.9376603,-37.8618349,144.9057160,10544,2018-03-06,13:02:09,3431.7,13:59:20,11.63
ID1884405247,0,3,9,-37.8160111,145.0057554,-38.1109156,144.6541725,47435,2018-03-02,21:48:27,11396.22,0:58:23,21.05
ID1515910454,0,5,9,-37.8117547,144.9361055,-38.1109156,144.6541725,42796,2018-04-20,14:22:24,10254.72,17:13:18,16.14
ID3264330173,1,4,8,-37.8121826,145.0163879,-37.8072020,145.0266373,2681,2018-05-28,7:49:48,639.06,8:00:27,9.76
ID1117210483,0,6,9,-37.7874325,144.9803767,-38.1109156,144.6541725,47033,2018-04-12,17:48:45,11350.5,20:57:55,16.88
ID1856613845,0,3,7,-37.8252138,144.9847198,-37.8618349,144.9057160,8988,2018-04-16,6:02:11,2964.78,6:51:35,5.41
ID5427851971,2,5,2,-37.8053753,144.9347304,-37.8131612,144.9384008,1229,2018-02-26,23:50:37,309.84,23:55:46,55.97
ID3496333535,1,8,2,-37.8072020,145.0266373,-37.8236483,144.9405640,8952,2018-07-22,10:36:06,2279.88,11:14:05,20.44
ID1660604516,0,7,5,-37.8618349,144.9057160,-37.8100641,144.9305062,11758,2018-02-09,14:15:33,3751.32,15:18:04,10.76
ID1630118134,0,6,2,-37.7907967,144.9858650,-37.8162309,144.9451079,5461,2018-06-22,23:44:09,1433.34,0:08:02,13.85
ID1286558996,0,2,6,-37.8135919,144.9378080,-37.7907967,144.9858650,6033,2018-01-24,7:11:24,1664.4,7:39:08,3.82
ID5249857737,2,9,4,-38.1109156,144.6541725,-37.8145049,144.9999174,47002,2018-07-20,21:27:17,11299.74,0:35:36,927.75
ID1777569432,0,7,1,-37.8618349,144.9057160,-37.7988449,144.9537742,9981,2018-07-22,19:57:24,3319.62,20:52:43,15.22
ID3339037921,1,5,8,-37.8152417,144.9276167,-37.8158343,145.0464500,11800,2018-01-25,1:44:55,3274.92,2:39:29,29.04
ID1392771901,0,5,2,-37.8187113,144.9167717,-37.8211813,144.9472961,3257,2018-02-16,6:31:38,864.6,6:46:02,5.07
ID1308342363,0,4,1,-37.7967236,145.0096021,-37.8118410,144.9564872,5833,2018-04-20,7:43:44,1510.02,8:08:54,4.23
ID3434372841,1,4,7,-37.8071263,144.9915639,-37.8618349,144.9057160,10550,2018-07-11,22:08:00,3467.16,23:05:47,28.66
ID1760911139,0,8,9,-37.8158343,145.0464500,-38.1109156,144.6541725,51032,2018-06-18,8:21:57,12681.06,11:53:18,13.46
ID3737920223,1,3,4,-37.8174853,145.0044157,-37.8038968,145.0036316,2441,2018-05-25,0:33:45,584.58,0:43:29,16.9
ID1634958200,0,8,7,-37.8158343,145.0464500,-37.8618349,144.9057160,15151,2018-05-18,16:00:35,4917.48,17:22:32,13.09
ID3838891161,1,8,7,-37.8158343,145.0464500,-37.8618349,144.9057160,15151,2018-06-15,23:38:09,4917.48,1:00:06,37.6
ID3429904052,1,3,5,-37.8233855,144.9660440,-37.8050396,144.9267227,4590,2018-02-03,23:02:36,1118.58,23:21:14,21.85
ID1488849814,0,8,5,-37.8158343,145.0464500,-37.8000554,144.9284168,11076,2018-06-06,1:39:04,3072.54,2:30:16,14.98
ID3862614829,1,3,1,-37.8212576,144.9832656,-37.8179112,144.9667569,1718,2018-07-09,7:16:15,421.08,7:23:16,7
ID1143337139,0,4,2,-37.7987123,145.0034788,-37.8254365,144.9358968,8090,2018-07-27,5:04:18,2124.66,5:39:42,15.33
ID1751616374,0,8,2,-37.8072020,145.0266373,-37.8122570,144.9366091,8914,2018-06-09,20:08:25,2244.96,20:45:49,13.36
ID3745683117,1,8,5,-37.8158343,145.0464500,-37.8013110,144.9212335,11365,2018-07-26,3:45:23,3197.52,4:38:40,27.52
ID3975467823,1,4,7,-37.8033265,144.9944293,-37.8618349,144.9057160,11155,2018-03-05,15:34:23,3641.76,16:35:04,25.88
ID3486649893,1,8,1,-37.8158343,145.0464500,-37.8137047,144.9655369,7708,2018-02-03,14:07:53,2179.02,14:44:12,21.41
ID1878490508,0,2,1,-37.8134906,144.9310399,-37.8210560,144.9550741,3570,2018-06-09,19:55:22,918.54,20:10:40,13.14
ID3983402956,1,6,5,-37.7738450,144.9836895,-37.8163872,144.9285555,8740,2018-02-25,3:33:46,1960.98,4:06:26,27.38
ID3821418960,1,1,4,-37.8197664,144.9590228,-37.8039880,144.9903656,3811,2018-03-21,23:46:29,988.5,0:02:57,18.31
ID3451148325,1,2,5,-37.8141043,144.9378236,-37.8129576,144.9336820,1684,2018-06-14,1:10:14,413.34,1:17:07,15.71
ID1725789733,0,9,2,-38.1109156,144.6541725,-37.8163425,144.9373093,42582,2018-07-06,5:13:51,10230,8:04:21,20.9
ID5212934733,2,5,4,-37.8149579,144.9275311,-37.8108507,144.9982309,7648,2018-04-22,1:46:48,1974.72,2:19:42,194.27
ID1720099350,0,8,9,-37.8072020,145.0266373,-38.1109156,144.6541725,49777,2018-06-10,10:06:14,12069.78,13:27:23,15.6