,Uber_ID,Uber Type,Origin Region,Destination Region,Origin Latitude,Origin Longitude,Destination Latitude,Destination Longitude,Journey Distance(m),Departure Date,Departure Time,Travel Time(s),Arrival Time,Fare$
0,ID1353490265,0,1,2,-37.8089487,144.94858290000002,-37.8225159,144.9477823,1965.0,2018-04-11,20:01:52,489.06,20:10:01,6.79
1,ID1230997353,0,2,6,-37.8207561,144.94847180000002,-37.7874325,144.9803767,5423.0,2018-04-08,01:59:10,1282.14,02:20:32,16.83
2,ID3900920320,1,2,3,-37.8148787,144.9449115,-37.823086700000005,145.00928169999997,6462.0,2018-04-03,09:51:14,1513.92,10:16:27,13.28
3,ID1641669780,0,9,4,-38.1109156,144.65417250000002,-37.8160204,145.0111408,47962.0,2018-03-18,06:54:45,11532.3,10:06:57,17.94
4,ID3570602280,1,8,7,-37.8158343,145.04645,-37.8618349,144.90571599999998,15151.0,2018-02-11,00:57:27,4917.48,02:19:24,41.13
5,ID1775302226,0,7,9,-37.8618349,144.90571599999998,-38.1109156,144.65417250000002,50797.0,2018-05-10,16:46:38,13173.36,20:26:11,19.7
6,ID5170241576,2,3,9,-37.816933,144.9833196,-38.1109156,144.65417250000002,45269.0,2018-03-21,09:32:37,10939.08,12:34:56,879.9
7,ID5682081504,2,9,8,-38.1109156,144.65417250000002,-37.8158343,145.04645,51032.0,2018-03-25,04:42:14,12681.06,08:13:35,1042.76
8,ID1481780539,0,7,6,-37.8618349,144.90571599999998,-37.7874325,144.9803767,11633.0,2018-07-02,02:33:43,3645.3,03:34:28,15.77
9,ID1512445693,0,5,8,-37.80611029999999,144.93443969999998,-37.8158343,145.04645,10167.0,2018-03-02,16:55:36,2866.32,17:43:22,9.07
10,ID3341886221,1,7,5,-37.8618349,144.90571599999998,-37.8129576,144.933682,11370.0,2018-04-11,07:57:30,3715.44,08:59:25,23.48
11,ID1802433289,0,4,3,-37.8098006,144.9928419,-37.8109075,144.9888918,461.0,2018-01-27,11:25:15,127.92,11:27:22,6.26
12,ID3429815216,1,7,9,-37.8618349,144.90571599999998,-38.1109156,144.65417250000002,50797.0,2018-07-13,21:34:17,13173.36,01:13:50,77.2
13,ID3699582493,1,6,5,-37.7874421,144.9804091,-37.8028637,144.92813,6267.0,2018-06-13,22:20:43,1616.1,22:47:39,23.42
14,ID1261941116,0,9,5,-38.1109156,144.65417250000002,-37.8049604,144.9315487,44334.0,2018-07-21,16:49:25,10629.24,19:46:34,20.04
15,ID3193201595,1,3,6,-37.824990500000006,144.98204730000003,-37.773845,144.9836895,6639.0,2018-01-13,13:34:53,1438.26,13:58:51,19.52
16,ID3651392396,1,9,3,-38.1109156,144.65417250000002,-37.8210659,144.9843399,45509.0,2018-01-20,21:10:57,10977.84,00:13:54,69.04
17,ID1304029228,0,4,2,-37.799212100000005,145.0052504,-37.817969500000004,144.9485795,6473.0,2018-01-12,10:17:58,1638.18,10:45:16,3.75
18,ID1811367994,0,4,4,-37.8107465,144.97618909999997,-37.8028201,144.9956864,2610.0,2018-02-24,18:11:08,675.12,18:22:23,12.02
19,ID1239580466,0,2,5,-37.8179807,144.9319734,-37.804996200000005,144.9273434,2731.0,2018-01-07,12:31:13,689.58,12:42:42,12.85
20,ID3754097884,1,2,8,-37.8220982,144.9383513,-37.8158343,145.04645,10396.0,2018-05-21,10:05:26,2962.56,10:54:48,19.35
21,ID1355325841,0,2,3,-37.8208139,144.94806069999998,-37.8197141,144.9985171,4870.0,2018-06-03,06:22:54,1129.74,06:41:43,6.81
22,ID1373896865,0,2,8,-37.819294299999996,144.9458405,-37.807202000000004,145.0266373,8307.0,2018-07-01,10:08:24,1946.76,10:40:50,6.11
23,ID1808067317,0,6,1,-37.7874325,144.9803767,-37.8113505,144.9528097,4451.0,2018-01-27,09:55:56,1088.46,10:14:04,9.0
24,ID3224064720,1,6,4,-37.773845,144.9836895,-37.8119045,145.0035363,7019.0,2018-04-25,19:45:05,1560.84,20:11:05,17.03
25,ID1883765100,0,5,1,-37.8114234,144.92921930000003,-37.811489200000004,144.9647681,4289.0,2018-05-13,10:06:28,1108.62,10:24:56,7.0
26,ID5928847475,2,5,4,-37.80616320000001,144.9347763,-37.803395200000004,145.0033845,6835.0,2018-03-26,18:33:22,1768.98,19:02:50,160.03
27,ID3869150142,1,5,6,-37.8001749,144.9371792,-37.7874325,144.9803767,6186.0,2018-04-07,04:38:54,1659.78,05:06:33,25.74
28,ID1215413518,0,5,9,-37.8066242,144.9323335,-38.1109156,144.65417250000002,43556.0,2018-07-19,03:29:14,10432.74,06:23:06,20.77
29,ID3728892873,1,7,2,-37.8618349,144.90571599999998,-37.809274,144.9375666,10386.0,2018-04-15,11:35:59,3429.36,12:33:08,24.95
30,ID1579562393,0,4,3,-37.8122155,145.01596730000003,-37.820700200000005,144.9849092,3690.0,2018-05-12,09:01:23,950.7,09:17:13,9.46
31,ID5535295766,2,1,6,-37.8164539,144.9592888,-37.7874325,144.9803767,4338.0,2018-02-28,06:40:06,1086.66,06:58:12,96.85
32,ID3310885268,1,9,8,-38.1109156,144.65417250000002,-37.8158343,145.04645,51032.0,2018-06-19,09:25:12,12681.06,12:56:33,67.26
33,ID1927914634,0,2,9,-37.8117265,144.9297369,-38.1109156,144.65417250000002,44195.0,2018-01-16,22:11:05,10585.32,01:07:30,21.65
34,ID1725269651,0,7,9,-37.8618349,144.90571599999998,-38.1109156,144.65417250000002,50797.0,2018-03-24,02:56:31,13173.36,06:36:04,28.4
35,ID1201891724,0,6,7,-37.7908183,144.9857929,-37.8618349,144.90571599999998,11712.0,2018-03-07,08:22:35,3717.48,09:24:32,6.38
36,ID1797329070,0,8,9,-37.8158343,145.04645,-38.1109156,144.65417250000002,51032.0,2018-02-18,18:39:58,12681.06,22:11:19,22.72
37,ID3520829459,1,4,3,-37.8034263,145.0057089,-37.81552070000001,144.9880593,2651.0,2018-02-27,05:08:23,666.72,05:19:29,17.47
38,ID5536222719,2,8,3,-37.8158343,145.04645,-37.8258956,144.9843895,6890.0,2018-07-16,01:36:38,1987.68,02:09:45,187.69
39,ID3940241788,1,2,4,-37.8118268,144.9405883,-37.809787299999996,144.992844,4922.0,2018-06-14,22:57:49,1239.12,23:18:28,19.43
40,ID1211838442,0,5,3,-37.798980900000004,144.9364074,-37.8158343,145.04645,10077.0,2018-03-02,03:16:39,2817.48,04:03:36,14.55
41,ID3950644955,1,8,4,-37.807202000000004,145.0266373,-37.8132144,145.0141962,2660.0,2018-05-05,04:05:21,639.96,04:16:00,20.91
42,ID3490838321,1,2,9,-37.818954,144.9432642,-38.1109156,144.65417250000002,41282.0,2018-06-21,18:29:31,9907.68,21:14:38,58.48
43,ID1353377172,0,5,3,-37.818327200000006,144.94863859999998,-37.8064779,144.9378783,1761.0,2018-06-06,08:01:04,431.04,08:08:15,0.8
44,ID1584881626,0,7,1,-37.8618349,144.90571599999998,-37.801131899999994,144.95278019999998,9889.0,2018-02-10,07:18:21,3246.3,08:12:27,10.49
45,ID3461942017,1,9,1,-38.1109156,144.65417250000002,-37.8095139,144.9577448,43300.0,2018-06-24,23:09:07,10477.74,02:03:44,70.26
46,ID1522249197,0,6,5,-37.7874325,144.9803767,-37.8169526,144.9274736,7436.0,2018-05-04,11:23:07,1871.76,11:54:18,3.8
47,ID1301276229,0,7,8,-37.8618349,144.90571599999998,-37.8158343,145.04645,15151.0,2018-07-25,23:41:32,4911.6,01:03:23,16.79
48,ID3297369032,1,6,1,-37.7907967,144.985865,-37.8219199,144.9725456,4678.0,2018-07-15,06:28:54,1351.56,06:51:25,15.69
49,ID3359282851,1,4,3,-37.7968922,145.0095675,-37.8172963,144.9879749,3853.0,2018-04-11,11:00:23,967.98,11:16:30,11.12
50,ID1849692724,0,7,6,-37.8618349,144.90571599999998,-37.7907967,144.985865,11711.0,2018-07-04,12:31:33,3859.8,13:35:52,10.35
51,ID1648866593,0,8,2,-37.8158343,145.04645,-37.8139761,144.93646809999998,10433.0,2018-04-01,20:29:07,2897.7,21:17:24,16.08
52,ID5506500519,2,5,3,-37.773845,144.9836895,-37.8016619,144.9386283,9032.0,2018-02-04,21:19:18,2184.0,21:55:42,210.44
53,ID3863865793,1,1,5,-37.824418200000004,144.94836899999999,-37.810149200000005,144.93203789999998,2669.0,2018-02-17,01:28:14,641.22,01:38:55,20.19
54,ID5458040016,2,2,4,-37.8189974,144.9465067,-37.800340000000006,145.00410480000002,6543.0,2018-04-11,20:14:47,1634.58,20:42:01,151.91
55,ID1197986845,0,4,2,-37.8107693,145.010727,-37.8093112,144.92966869999998,8550.0,2018-06-17,04:08:59,2133.0,04:44:32,19.02
56,ID3627317284,1,3,1,-37.816725,144.9990208,-37.8209083,144.94230159999998,5411.0,2018-03-20,01:26:23,1369.2,01:49:12,20.88
57,ID3622280026,1,6,5,-37.7907967,144.985865,-37.8048531,144.9252837,7035.0,2018-06-11,00:07:34,2019.24,00:41:13,24.25
58,ID1184423934,0,5,3,-37.8036511,144.9365946,-37.819959000000004,144.968404,3940.0,2018-04-21,18:51:11,1038.18,19:08:29,11.6
59,ID1357456136,0,9,6,-38.1109156,144.65417250000002,-37.7907967,144.985865,47193.0,2018-05-15,17:46:46,11535.78,20:59:01,17.67
60,ID5161528454,2,4,9,-37.815282200000006,145.00293259999998,-38.1109156,144.65417250000002,47227.0,2018-06-09,23:46:53,11333.34,02:55:46,936.4
61,ID1469557062,0,3,8,-37.8119739,144.986043,-37.8158343,145.04645,5552.0,2018-01-08,10:19:39,1662.42,10:47:21,4.35
62,ID1561127549,0,7,5,-37.8618349,144.90571599999998,-37.809274,144.9375666,10386.0,2018-03-12,08:02:49,3429.36,08:59:58,6.22
63,ID1146226407,0,1,6,-37.818337799999995,144.9652802,-37.7874325,144.9803767,4132.0,2018-01-12,21:48:23,992.04,22:04:55,11.63
64,ID1762308459,0,9,5,-38.1109156,144.65417250000002,-37.8065618,144.93796469999998,43357.0,2018-01-22,11:03:03,10452.96,13:57:15,12.46
65,ID5945525805,2,8,5,-37.8158343,145.04645,-37.812979600000006,144.9336409,11212.0,2018-06-22,06:18:19,3121.98,07:10:20,259.13
66,ID1846276858,0,5,1,-37.8029407,144.93074919999998,-37.8088117,144.9739217,4394.0,2018-06-16,02:26:03,1149.24,02:45:12,15.52
67,ID3139094242,1,6,8,-37.773845,144.9836895,-37.8158343,145.04645,10698.0,2018-05-11,21:20:32,2756.46,22:06:28,24.89
68,ID1879821607,0,2,3,-37.81496679999999,144.9451365,-37.8163794,144.9846185,3990.0,2018-02-21,19:12:16,934.02,19:27:50,8.8
69,ID3995401868,1,5,4,-37.8054876,144.9368074,-37.801406899999996,145.003197,6729.0,2018-05-27,17:30:13,1758.96,17:59:31,22.37
70,ID1697200795,0,1,4,-37.818904499999995,144.9527167,-37.801218799999994,145.0085809,6452.0,2018-07-25,18:16:44,1563.66,18:42:47,8.72
71,ID1648155737,0,2,9,-37.8146711,144.93760319999998,-38.1109156,144.65417250000002,42616.0,2018-07-20,01:12:17,10225.08,04:02:42,21.23
72,ID3648131419,1,3,1,-37.8184546,144.9904617,-37.821237200000006,144.961431,2880.0,2018-01-23,18:23:03,670.98,18:34:13,13.29
73,ID1751291242,0,3,4,-37.82048220000001,144.99480559999998,-37.7995544,145.0101972,3624.0,2018-07-02,18:58:02,958.38,19:14:00,7.72
74,ID5556600777,2,5,7,-37.800847600000004,144.9347748,-37.8618349,144.90571599999998,13762.0,2018-01-23,19:55:14,4296.72,21:06:50,362.05
75,ID1306620771,0,5,2,-37.8080056,144.93626799999998,-37.8121733,144.938044,673.0,2018-03-20,23:29:19,156.78,23:31:55,13.02
76,ID1737656638,0,2,1,-37.8155778,144.9388428,-37.8033485,144.95264419999998,2148.0,2018-03-10,05:46:14,544.38,05:55:18,15.09
77,ID1705860745,0,6,3,-37.773845,144.9836895,-37.8240241,144.99063280000001,6760.0,2018-06-17,08:55:08,1359.54,09:17:47,10.17
78,ID1297460063,0,3,4,-37.809523799999994,144.9904915,-37.8103255,145.0019927,1068.0,2018-03-25,11:03:57,235.86,11:07:52,9.53
79,ID1947083059,0,2,4,-37.8147009,144.9360494,-37.8118559,145.0058842,6696.0,2018-07-23,17:50:43,1677.6,18:18:40,8.43
80,ID5170967915,2,4,8,-37.8108562,145.01558300000002,-37.8158343,145.04645,4428.0,2018-07-17,00:01:05,1402.26,00:24:27,141.63
81,ID1890425537,0,9,4,-38.1109156,144.65417250000002,-37.8118717,144.9999248,46812.0,2018-02-07,22:04:13,11189.82,01:10:42,20.43
82,ID3928676363,1,2,3,-37.816731700000005,144.92745269999998,-37.8165445,144.98722800000002,6506.0,2018-03-28,22:40:44,1608.96,23:07:32,22.48
83,ID3277910663,1,7,3,-37.8618349,144.90571599999998,-37.817493,144.9799953,8828.0,2018-06-18,02:59:54,2942.46,03:48:56,27.01
84,ID5253623073,2,6,1,-37.7907967,144.985865,-37.8121762,144.9739355,3080.0,2018-07-02,19:14:01,877.92,19:28:38,90.52
85,ID1991389203,0,9,6,-38.1109156,144.65417250000002,-37.7738026,144.98364660000001,51061.0,2018-03-08,20:23:39,12952.44,23:59:31,17.17
86,ID3762638935,1,2,9,-37.8143214,144.9380749,-38.1109156,144.65417250000002,42579.0,2018-03-27,08:37:17,10214.34,11:27:31,55.35
87,ID3968380877,1,7,2,-37.8618349,144.90571599999998,-37.8219709,144.95072340000002,8585.0,2018-07-24,12:17:52,2942.64,13:06:54,23.02
88,ID1559639691,0,4,3,-37.80422,145.0024501,-37.8256481,144.9845656,3676.0,2018-07-07,09:59:35,897.54,10:14:32,7.15
89,ID3799415991,1,8,9,-37.807202000000004,145.0266373,-38.1109156,144.65417250000002,49777.0,2018-01-26,00:38:04,12069.78,03:59:13,72.15
90,ID1750863298,0,3,1,-37.825354499999996,144.99510580000003,-37.8196782,144.97120759999999,2789.0,2018-02-17,05:37:05,714.24,05:48:59,16.54
91,ID1213516405,0,4,5,-37.8046753,144.99815,-37.799475799999996,144.9368155,5957.0,2018-05-26,15:47:26,1569.78,16:13:35,13.48
92,ID3604419371,1,4,9,-37.811840999999994,145.0027823,-38.1109156,144.65417250000002,47071.0,2018-07-25,06:01:10,11281.14,09:09:11,61.3
93,ID3885120082,1,1,6,-37.8209904,144.9552987,-37.7738026,144.98364660000001,9399.0,2018-02-01,23:29:56,2893.02,00:18:09,26.12
94,ID1804141128,0,3,7,-37.8242946,144.98214840000003,-37.8618349,144.90571599999998,8847.0,2018-04-12,21:43:19,2905.02,22:31:44,15.13
95,ID1464679814,0,8,5,-37.807202000000004,145.0266373,-37.8108227,144.9320779,10237.0,2018-07-06,14:43:21,2578.2,15:26:19,10.68
96,ID3791334154,1,8,5,-37.8158343,145.04645,-37.802525,144.9270871,10786.0,2018-06-25,06:59:58,3053.88,07:50:51,20.52
97,ID1485613891,0,2,6,-37.8159715,144.93704419999997,-37.773845,144.9836895,7156.0,2018-02-13,02:09:41,1565.16,02:35:46,13.03
98,ID3279026160,1,9,3,-38.1109156,144.65417250000002,-37.820989600000004,144.97719630000003,44898.0,2018-07-15,12:53:12,10800.0,15:53:12,66.45
99,ID3310577965,1,9,6,-38.1109156,144.65417250000002,-37.7874421,144.9804091,47035.0,2018-07-14,23:54:22,11413.02,03:04:35,72.51
100,ID3113380796,1,7,1,-37.8618349,144.90571599999998,-37.8062264,144.95963400000002,8974.0,2018-04-22,21:37:10,3042.24,22:27:52,31.4
101,ID3546701905,1,7,5,-37.8618349,144.90571599999998,-37.8151929,144.9275496,11762.0,2018-06-06,09:14:31,3787.56,10:17:38,22.87
102,ID3810719801,1,9,7,-38.1109156,144.65417250000002,-37.8618349,144.90571599999998,50797.0,2018-04-14,09:21:31,13204.98,13:01:35,72.23
103,ID3543062654,1,1,4,-37.7995333,144.95317169999998,-37.8105799,145.0007616,4658.0,2018-02-18,03:10:11,1098.3,03:28:29,22.71
104,ID1282131648,0,2,8,-37.823289700000004,144.9399679,-37.807202000000004,145.0266373,9041.0,2018-01-04,08:36:05,2298.96,09:14:23,4.12
105,ID3235198703,1,4,9,-37.8071296,144.9957194,-38.1109156,144.65417250000002,46671.0,2018-07-16,17:55:15,11257.14,21:02:52,65.45
106,ID3861797896,1,1,8,-37.81900770000001,144.9543041,-37.8158343,145.04645,8678.0,2018-07-10,03:09:40,2407.38,03:49:47,26.55
107,ID1995974932,0,6,7,-37.7738026,144.98364660000001,-37.8618349,144.90571599999998,16033.0,2018-01-13,14:33:41,5323.56,16:02:24,16.92
108,ID5436222134,2,8,3,-37.807202000000004,145.0266373,-37.82435460000001,145.0079985,3744.0,2018-07-06,20:15:57,915.9,20:31:12,95.83
109,ID5453881494,2,9,6,-38.1109156,144.65417250000002,-37.7907967,144.985865,47193.0,2018-03-19,04:18:01,11536.02,07:30:16,946.05
110,ID3285441611,1,7,8,-37.8618349,144.90571599999998,-37.8158343,145.04645,15151.0,2018-05-17,01:28:25,4911.6,02:50:16,38.47
111,ID1248183562,0,9,2,-38.1109156,144.65417250000002,-37.8255903,144.9455491,42388.0,2018-03-28,08:34:54,10179.9,11:24:33,12.8
112,ID1585150842,0,6,2,-37.7907967,144.985865,-37.8124127,144.93764309999997,6102.0,2018-05-12,00:56:55,1686.96,01:25:01,19.03
113,ID3806258005,1,6,2,-37.7874325,144.9803767,-37.8215407,144.9449527,5746.0,2018-06-04,16:23:19,1346.28,16:45:45,16.48
114,ID3237571020,1,3,9,-37.813249600000006,144.9737466,-38.1109156,144.65417250000002,44333.0,2018-04-26,15:17:10,10621.44,18:14:11,60.51
115,ID3949958317,1,1,2,-37.813313,144.939603,-37.821029700000004,144.943017,1688.0,2018-06-04,05:02:34,424.8,05:09:38,16.85
116,ID5148711769,2,2,7,-37.8245536,144.9468872,-37.8618349,144.90571599999998,8859.0,2018-07-05,05:08:38,3115.08,06:00:33,276.21
117,ID1664732046,0,4,8,-37.797050799999994,144.9931629,-37.8158343,145.04645,6120.0,2018-01-11,05:54:12,1882.14,06:25:34,14.27
118,ID1182263636,0,3,5,-37.8240474,144.99012530000002,-37.8100391,144.9047525,8355.0,2018-07-26,21:51:54,2190.42,22:28:24,14.58
119,ID3493798564,1,8,3,-37.8158343,145.04645,-37.8196346,144.98499569999998,6279.0,2018-07-01,17:09:09,1914.48,17:41:03,22.02
120,ID5337173148,2,1,8,-37.8118537,144.95833580000001,-37.807202000000004,145.0266373,6777.0,2018-04-03,01:27:43,1754.16,01:56:57,170.01
121,ID1997852581,0,9,5,-38.1109156,144.65417250000002,-37.79932879999999,144.9248188,48687.0,2018-03-15,08:17:12,11985.96,11:36:57,14.18
122,ID1712604969,0,4,8,-37.806425,145.0080358,-37.8158343,145.04645,3885.0,2018-05-12,11:41:39,1266.84,16:13:14,7.45
123,ID1662037198,0,9,5,-38.1109156,144.65417250000002,-37.815211600000005,144.9275535,44350.0,2018-03-13,12:06:27,10662.36,15:04:09,17.75
124,ID1320429358,0,4,6,-37.812425299999994,144.9987884,-37.7738026,144.98364660000001,9549.0,2018-04-23,02:59:25,2895.6,03:47:40,15.15
125,ID1778210730,0,4,3,-37.80334570000001,145.018623,-37.818844299999995,145.0068388,3769.0,2018-07-18,03:04:11,938.34,03:19:49,13.15
126,ID1409054086,0,4,8,-37.799750700000004,144.9943718,-37.807202000000004,145.0266373,3164.0,2018-06-12,11:23:22,843.42,13:22:43,4.44
127,ID1742782931,0,1,7,-37.8138929,144.9592399,-37.8618349,144.90571599999998,8459.0,2018-01-28,00:07:52,2898.24,02:59:56,20.17
128,ID3341657084,1,3,5,-37.823540799999996,144.9714298,-37.7999032,144.927629,5455.0,2018-07-16,16:24:06,1375.14,16:47:01,15.94
129,ID3401230404,1,8,5,-37.807202000000004,145.0266373,-37.8023534,144.93055680000003,9354.0,2018-02-09,19:57:29,2455.02,21:40:19,22.1
130,ID1465122383,0,6,5,-37.7908183,144.9857929,-37.80445170000001,144.934518,6174.0,2018-05-18,18:16:56,1670.46,18:44:46,7.56
131,ID1378533632,0,3,6,-37.815220200000006,144.9898946,-37.7874325,144.9803767,4077.0,2018-01-23,12:59:03,1055.22,16:27:54,8.83
132,ID1458963226,0,7,8,-37.8618349,144.90571599999998,-37.8158343,145.04645,15151.0,2018-03-04,13:25:04,4911.6,14:46:55,17.24
133,ID1298981694,0,1,6,-37.8022658,144.9620746,-37.7874325,144.9803767,3153.0,2018-01-08,00:01:35,785.7,01:05:34,13.11
134,ID1783126436,0,9,3,-38.1109156,144.65417250000002,-37.8195727,144.99737130000003,46664.0,2018-01-26,13:59:20,11171.4,17:05:31,16.2
135,ID3608601964,1,8,6,-37.807202000000004,145.0266373,-37.7908183,144.9857929,4835.0,2018-01-23,18:45:14,1248.96,19:06:02,15.43
136,ID1875862177,0,6,5,-37.7907967,144.985865,-37.814960799999994,144.92755280000003,8008.0,2018-07-07,13:57:13,2168.58,14:33:21,12.71
137,ID3771335077,1,3,5,-37.8177501,144.99180180000002,-37.805121899999996,144.9261401,6727.0,2018-03-19,07:54:21,1727.46,08:23:08,13.48
138,ID5602611954,2,9,2,-38.1109156,144.65417250000002,-37.81453629999999,144.935423,42892.0,2018-04-20,02:41:08,10304.82,05:32:52,848.1
139,ID3171525734,1,8,1,-37.8158343,145.04645,-37.82044929999999,144.95668830000002,8440.0,2018-01-13,16:00:27,2433.42,18:30:51,25.3
140,ID3208696114,1,1,9,-37.809709999999995,144.9728337,-38.1109156,144.65417250000002,44432.0,2018-01-14,18:02:03,10666.92,20:59:49,63.24
141,ID3526901039,1,9,1,-38.1109156,144.65417250000002,-37.819777200000004,144.9437517,41385.0,2018-04-17,07:06:17,9933.78,08:05:22,53.29
142,ID5122873296,2,8,7,-37.807202000000004,145.0266373,-37.8618349,144.90571599999998,13986.0,2018-05-03,03:16:23,4298.28,03:58:57,372.78
143,ID3441786118,1,2,5,-37.811736700000004,144.93832030000002,-37.802884399999996,144.933945,1324.0,2018-05-04,02:38:56,354.54,02:44:50,17.43
144,ID3328380500,1,7,1,-37.8618349,144.90571599999998,-37.8150989,144.9522992,8844.0,2018-07-14,14:01:31,3009.72,17:22:21,28.37
145,ID3331490309,1,4,9,-37.812377500000004,145.016109,-38.1109156,144.65417250000002,49068.0,2018-05-18,02:42:29,11885.1,06:00:34,71.05
146,ID5487734735,2,5,3,-37.8073876,144.9322708,-37.8246219,144.989621,6059.0,2018-04-09,14:52:45,1566.42,15:18:51,144.69
147,ID3595786725,1,6,4,-37.7908183,144.9857929,-37.8101503,144.9965522,3168.0,2018-02-24,00:00:20,786.3,00:13:26,21.38
148,ID1519826136,0,3,4,-37.8167966,144.9699858,-37.8040971,144.99548969999998,3248.0,2018-07-22,14:39:48,879.48,14:54:27,12.59
149,ID1629253888,0,9,3,-38.1109156,144.65417250000002,-37.8289044,144.9866979,46015.0,2018-02-27,18:55:06,11097.18,22:00:03,15.98
150,ID1248506783,0,7,6,-37.8618349,144.90571599999998,-37.7907967,144.985865,11711.0,2018-05-21,02:19:06,3859.8,03:23:25,14.6
151,ID3664245263,1,4,9,-37.8027747,145.012641,-38.1109156,144.65417250000002,48497.0,2018-02-04,21:28:02,11825.4,00:45:07,75.93
152,ID1994673250,0,3,6,-37.8247274,144.98488989999998,-37.7907967,144.985865,4169.0,2018-02-06,16:22:11,1185.9,16:41:56,7.95
153,ID1820013431,0,4,6,-37.806779600000006,144.9994498,-37.7874421,144.9804091,3916.0,2018-01-05,02:26:15,1007.88,02:43:02,13.4
154,ID3879710976,1,2,9,-37.821776299999996,144.9519159,-38.1109156,144.65417250000002,42345.0,2018-04-17,19:18:12,10170.66,22:07:42,59.86
155,ID3596442961,1,6,7,-37.7874325,144.9803767,-37.8618349,144.90571599999998,11633.0,2018-07-10,03:10:57,3663.78,04:12:00,30.98
156,ID5954072153,2,4,1,-37.8132344,145.0001751,-37.813574100000004,144.94118480000003,5762.0,2018-05-28,10:09:28,1395.12,10:32:43,121.86
157,ID1168210116,0,4,1,-37.8057988,144.9947996,-37.8161164,144.9383974,5691.0,2018-06-05,11:11:08,1471.08,11:35:39,4.39
158,ID3771314392,1,6,8,-37.7874325,144.9803767,-37.807202000000004,145.0266373,5793.0,2018-04-24,12:42:56,1493.52,13:07:49,17.93
159,ID3326150272,1,2,9,-37.8244364,144.9435555,-38.1109156,144.65417250000002,42487.0,2018-06-21,03:42:23,10230.84,06:32:53,63.84
160,ID5618540029,2,5,2,-37.80538920000001,144.9255009,-37.810169099999996,144.9365608,1344.0,2018-04-11,04:09:37,335.82,04:15:12,55.85
161,ID3559697840,1,7,2,-37.8618349,144.90571599999998,-37.8173448,144.94608259999998,9350.0,2018-06-23,06:08:31,3124.26,07:00:35,24.91
162,ID1734740944,0,7,1,-37.8618349,144.90571599999998,-37.8132985,144.9646315,8340.0,2018-04-07,15:25:11,2856.06,16:12:47,14.23
163,ID3964078497,1,3,2,-37.8170182,144.98537040000002,-37.823676299999995,144.9377404,4634.0,2018-03-17,10:31:09,1214.7,10:51:23,15.95
164,ID1709952282,0,7,9,-37.8618349,144.90571599999998,-38.1109156,144.65417250000002,50797.0,2018-07-16,17:30:30,13173.36,21:10:03,19.61
165,ID1286043154,0,7,1,-37.8618349,144.90571599999998,-37.8219347,144.9554417,8168.0,2018-03-22,15:57:37,2842.74,16:44:59,10.01
166,ID5835268291,2,3,6,-37.8233497,144.97654540000002,-37.773845,144.9836895,6184.0,2018-02-09,11:31:49,1396.26,11:55:05,122.09
167,ID1607017343,0,8,5,-37.807202000000004,145.0266373,-37.8045032,144.9285612,9395.0,2018-07-01,02:17:13,2430.54,02:57:43,17.11
168,ID3173697037,1,7,5,-37.8618349,144.90571599999998,-37.8060456,144.93147050000002,11050.0,2018-07-24,05:07:20,3542.04,06:06:22,32.76
169,ID3950922978,1,6,1,-37.7907967,144.985865,-37.8092779,144.9738332,2865.0,2018-07-28,20:08:13,812.46,20:21:45,15.42
170,ID1922844271,0,1,7,-37.807545899999994,144.9627241,-37.8618349,144.90571599999998,8896.0,2018-06-15,13:07:29,3021.18,13:57:50,9.16
171,ID1372004823,0,3,4,-37.8118516,144.9935419,-37.8097671,144.9926624,327.0,2018-01-14,16:21:31,93.24,16:23:04,12.06
172,ID1150510634,0,4,2,-37.8117262,145.01267099999998,-37.8091367,144.9372571,7163.0,2018-06-12,06:48:34,1743.66,07:17:37,6.66
173,ID3369983436,1,8,5,-37.8158343,145.04645,-37.8043801,144.9297315,10562.0,2018-03-06,07:49:11,3030.18,08:39:41,21.42
174,ID1286922795,0,2,5,-37.8245206,144.9458166,-37.8056537,144.93327060000001,3169.0,2018-03-24,01:16:39,767.82,01:29:26,18.31
175,ID3687129864,1,6,3,-37.7874325,144.9803767,-37.8211678,144.972609,4521.0,2018-03-10,20:31:57,1172.58,20:51:29,19.15
176,ID3431155636,1,8,2,-37.807202000000004,145.0266373,-37.81284,144.94309219999997,8134.0,2018-06-13,15:13:54,2035.86,15:47:49,20.12
177,ID1794422878,0,7,1,-37.8618349,144.90571599999998,-37.8119969,144.9415189,9992.0,2018-04-16,21:02:01,3292.92,21:56:53,15.93
178,ID1154536259,0,1,5,-37.8100727,144.9762159,-37.8075805,144.9324425,4654.0,2018-05-23,21:15:59,1139.46,21:34:58,13.67
179,ID5634909829,2,3,2,-37.816178799999996,145.00745419999998,-37.8261076,144.94911630000001,5946.0,2018-02-15,21:21:39,1458.06,21:45:57,146.13
180,ID1414611490,0,3,8,-37.8168452,144.989449,-37.8158343,145.04645,5890.0,2018-06-22,05:10:59,1756.26,05:40:15,13.19
181,ID1376106016,0,5,8,-37.799408299999996,144.9365256,-37.8158343,145.04645,10029.0,2018-05-20,13:32:27,2806.92,14:19:13,13.31
182,ID1126530731,0,3,8,-37.814918299999995,144.9827526,-37.807202000000004,145.0266373,4974.0,2018-05-15,05:32:13,1215.42,05:52:28,12.08
183,ID3714970297,1,7,1,-37.8618349,144.90571599999998,-37.814475200000004,144.94975569999997,9830.0,2018-02-09,02:20:41,3314.76,03:15:55,28.46
184,ID1921748079,0,4,5,-37.8145419,145.0139865,-37.8048149,144.9257383,8327.0,2018-04-10,02:12:30,2125.2,02:47:55,14.5
185,ID3621879868,1,3,8,-37.8163302,144.99589430000003,-37.807202000000004,145.0266373,3810.0,2018-03-12,01:38:50,924.72,01:54:14,18.89
186,ID3819828699,1,5,9,-37.8187435,144.91662580000002,-38.1109156,144.65417250000002,44661.0,2018-04-05,08:42:06,10812.18,11:42:18,58.51
187,ID1744230804,0,9,7,-38.1109156,144.65417250000002,-37.8618349,144.90571599999998,50797.0,2018-06-13,07:23:32,13204.98,11:03:36,14.34
188,ID1157830375,0,2,7,-37.81055429999999,144.93821440000002,-37.8618349,144.90571599999998,10333.0,2018-01-04,08:39:11,3366.36,09:35:17,6.88
189,ID1114243736,0,1,8,-37.8119833,144.9614346,-37.8158343,145.04645,7773.0,2018-05-14,11:56:40,2265.66,12:34:25,5.87
190,ID5408737968,2,5,2,-37.809039899999995,144.9291498,-37.8122697,144.9371864,994.0,2018-04-15,11:44:16,266.7,11:48:42,38.37
191,ID3958583148,1,5,8,-37.794980100000004,144.9309314,-37.8158343,145.04645,11319.0,2018-02-08,04:39:24,3109.32,05:31:13,28.68
192,ID3725909802,1,2,9,-37.8154496,144.9415962,-38.1109156,144.65417250000002,42109.0,2018-03-26,19:12:17,10089.9,22:00:26,59.47
193,ID1828094524,0,9,7,-38.1109156,144.65417250000002,-37.8618349,144.90571599999998,50797.0,2018-06-03,16:37:55,13204.98,20:17:59,21.37
194,ID3928692387,1,6,9,-37.7907967,144.985865,-38.1109156,144.65417250000002,47193.0,2018-01-04,07:10:40,11530.62,10:22:50,61.8
195,ID3349327547,1,6,7,-37.7738026,144.98364660000001,-37.8618349,144.90571599999998,16033.0,2018-06-21,02:42:48,5323.56,04:11:31,40.57
196,ID3621853643,1,3,7,-37.8136649,144.98782309999999,-37.8618349,144.90571599999998,9841.0,2018-06-03,11:14:29,3296.28,12:09:25,24.83
197,ID1303925398,0,6,3,-37.773845,144.9836895,-37.8136381,145.000099,6929.0,2018-04-27,20:44:32,1531.44,21:10:03,8.91
198,ID3850586808,1,9,2,-38.1109156,144.65417250000002,-37.8233965,144.93557969999998,43309.0,2018-01-23,03:38:39,10466.16,06:33:05,63.62
199,ID3482214547,1,8,3,-37.807202000000004,145.0266373,-37.824212599999996,144.9733404,6568.0,2018-05-01,04:01:47,1609.44,04:28:36,22.89
200,ID3724691430,1,3,2,-37.8221131,144.97401519999997,-37.821611,144.9362424,3760.0,2018-03-12,12:28:06,949.26,12:43:55,14.74
201,ID1384754696,0,4,3,-37.8129967,145.0105475,-37.8186271,144.9679277,4462.0,2018-02-11,02:38:16,1124.46,02:57:00,16.33
202,ID3327913635,1,6,1,-37.773845,144.9836895,-37.801308,144.9742145,3591.0,2018-01-09,22:42:41,674.88,22:53:55,17.93
203,ID1189029704,0,4,6,-37.8048062,144.9981236,-37.773845,144.9836895,6119.0,2018-03-05,05:43:20,1327.26,06:05:27,14.0
204,ID3212977384,1,2,1,-37.8129301,144.93724319999998,-37.8205146,144.9661206,3631.0,2018-01-24,06:29:47,937.62,06:45:24,10.0
205,ID1157760337,0,4,2,-37.808218100000005,145.00962880000003,-37.824859000000004,144.9473675,6695.0,2018-04-14,10:03:26,1733.34,10:32:19,10.29
206,ID1727106474,0,9,3,-38.1109156,144.65417250000002,-37.8086595,144.9954898,46636.0,2018-04-14,00:36:17,11189.1,03:42:46,25.53
207,ID1268503358,0,8,2,-37.8158343,145.04645,-37.8126722,144.9447694,9354.0,2018-03-16,03:18:49,2628.54,04:02:37,14.14
208,ID1485557125,0,3,4,-37.8245484,144.9885013,-37.7993649,144.99296950000002,2866.0,2018-07-15,19:51:35,726.12,20:03:41,12.32
209,ID1522715981,0,6,4,-37.773845,144.9836895,-37.7994435,144.9890606,5117.0,2018-04-03,23:04:03,1059.66,23:21:42,12.44
210,ID3192232341,1,8,7,-37.8158343,145.04645,-37.8618349,144.90571599999998,15151.0,2018-03-02,09:46:52,4917.48,11:08:49,28.98
211,ID3689483479,1,5,8,-37.812022799999994,144.9262547,-37.8158343,145.04645,11143.0,2018-03-02,00:20:10,3131.16,01:12:21,28.38
212,ID1613583978,0,1,9,-37.8188828,144.9525659,-38.1109156,144.65417250000002,42752.0,2018-06-28,00:09:24,10276.44,03:00:40,19.73
213,ID3206679758,1,1,9,-37.8201307,144.9583071,-38.1109156,144.65417250000002,42956.0,2018-03-05,05:15:05,10351.32,08:07:36,64.18
214,ID1271159965,0,2,1,-37.813835499999996,144.93723559999998,-37.8126384,144.9647772,2945.0,2018-07-14,03:28:42,718.92,03:40:40,15.64
215,ID3564514571,1,9,3,-38.1109156,144.65417250000002,-37.8255375,144.9668224,44137.0,2018-07-01,01:34:25,10696.08,04:32:41,65.17
216,ID5235236562,2,7,9,-37.8618349,144.90571599999998,-38.1109156,144.65417250000002,50797.0,2018-03-02,05:49:40,13173.36,09:29:13,1075.71
217,ID3903995012,1,1,8,-37.804326399999994,144.94729980000002,-37.8158343,145.04645,8915.0,2018-07-01,04:58:17,2561.52,05:40:58,28.09
218,ID3734306677,1,2,7,-37.8128777,144.93919169999998,-37.8618349,144.90571599999998,10236.0,2018-07-25,05:57:50,3366.36,06:53:56,29.16
219,ID3435256631,1,8,2,-37.8158343,145.04645,-37.815178,144.9366701,10033.0,2018-07-16,19:10:34,2807.46,19:57:21,23.46
220,ID5255899352,2,2,8,-37.8134727,144.9375948,-37.8158343,145.04645,10114.0,2018-05-01,17:57:43,2844.78,18:45:07,247.54
221,ID3618617252,1,5,7,-37.806496,144.9325212,-37.8618349,144.90571599999998,10961.0,2018-05-01,16:25:45,3504.3,17:24:09,29.58
222,ID3907820036,1,1,3,-37.8139869,144.9716051,-37.821639700000006,144.9676845,1328.0,2018-03-02,15:14:30,369.18,15:20:39,15.05
223,ID5915527836,2,5,7,-37.802587,144.9349985,-37.8618349,144.90571599999998,11309.0,2018-05-01,06:28:06,3607.08,07:28:13,297.08
224,ID1812573608,0,8,9,-37.807202000000004,145.0266373,-38.1109156,144.65417250000002,49777.0,2018-05-12,04:18:10,12069.78,07:39:19,27.23
225,ID1273620764,0,5,2,-37.8047601,144.93665380000002,-37.8237941,144.9474733,2609.0,2018-07-19,15:00:01,557.04,15:09:18,8.91
226,ID1391647836,0,3,2,-37.8229321,145.0106286,-37.816407899999994,144.93734719999998,7410.0,2018-05-13,00:29:56,1780.92,00:59:36,18.64
227,ID1341528292,0,7,8,-37.8618349,144.90571599999998,-37.8158343,145.04645,15151.0,2018-07-06,04:46:42,4911.6,06:08:33,15.99
228,ID1907142851,0,7,4,-37.8618349,144.90571599999998,-37.807412400000004,144.9985205,11170.0,2018-03-02,10:48:01,3623.82,11:48:24,7.19
229,ID1854390155,0,9,2,-38.1109156,144.65417250000002,-37.8165079,144.9458344,41796.0,2018-03-13,03:26:51,10074.84,06:14:45,20.57
230,ID3954033067,1,1,7,-37.8081652,144.9729806,-37.8618349,144.90571599999998,9222.0,2018-04-05,05:02:18,3072.3,05:53:30,29.06
231,ID3619843825,1,7,4,-37.8618349,144.90571599999998,-37.816669,145.008826,11602.0,2018-02-10,18:27:34,3656.76,19:28:30,30.97
232,ID1730743821,0,4,8,-37.8016696,145.0035507,-37.8158343,145.04645,5312.0,2018-06-02,17:32:04,1655.28,17:59:39,14.11
233,ID3679520581,1,6,5,-37.7907967,144.985865,-37.80503,144.9307406,6952.0,2018-04-20,11:47:11,1951.62,12:19:42,15.59
234,ID5766980851,2,8,9,-37.807202000000004,145.0266373,-38.1109156,144.65417250000002,49777.0,2018-03-20,00:09:56,12069.78,03:31:05,988.61
235,ID3466078612,1,1,3,-37.8167275,144.95234240000002,-37.8249344,144.99217219999997,4598.0,2018-04-23,16:34:09,1068.48,16:51:57,15.72
236,ID5996638518,2,9,7,-38.1109156,144.65417250000002,-37.8618349,144.90571599999998,50797.0,2018-05-20,10:45:48,13204.98,14:25:52,1066.3
237,ID5538133165,2,6,4,-37.7907967,144.985865,-37.8144826,144.9998993,3872.0,2018-07-02,00:19:45,1079.16,00:37:44,116.19
238,ID1241310965,0,8,1,-37.8158343,145.04645,-37.8069329,144.95893,7843.0,2018-04-26,12:33:01,2263.32,13:10:44,11.21
239,ID1431032615,0,1,2,-37.817274499999996,144.9533612,-37.8117394,144.9361524,2415.0,2018-05-12,07:21:36,572.7,07:31:08,6.39
240,ID5212882793,2,2,9,-37.814341600000006,144.9473668,-38.1109156,144.65417250000002,42107.0,2018-02-09,22:46:41,10149.6,01:35:50,835.89
241,ID3220786171,1,7,1,-37.8618349,144.90571599999998,-37.8133298,144.96549950000002,8226.0,2018-05-02,22:08:30,2826.96,22:55:36,26.84
242,ID1352594294,0,7,5,-37.8618349,144.90571599999998,-37.8043734,144.92863640000002,11358.0,2018-06-07,09:19:28,3653.34,10:20:21,7.13
243,ID3655036347,1,8,7,-37.8158343,145.04645,-37.8618349,144.90571599999998,15151.0,2018-04-16,01:38:39,4917.48,03:00:36,38.49
244,ID1656330325,0,2,5,-37.8152883,144.927865,-37.8052299,144.9369713,3163.0,2018-05-16,04:06:52,746.58,04:19:18,13.09
245,ID5543618206,2,7,4,-37.8618349,144.90571599999998,-37.8086578,144.9933375,10573.0,2018-01-25,00:48:29,3491.52,01:46:40,308.74
246,ID3175544790,1,9,4,-38.1109156,144.65417250000002,-37.8053404,144.9960208,46870.0,2018-07-11,03:01:54,11370.6,06:11:24,68.43
247,ID5908328598,2,7,2,-37.8618349,144.90571599999998,-37.8245951,144.9483863,8763.0,2018-05-13,15:30:52,2975.16,16:20:27,262.3
248,ID1500772144,0,6,2,-37.7874421,144.9804091,-37.8204843,144.9493105,5335.0,2018-06-05,21:09:17,1295.52,21:30:52,14.34
249,ID1903082741,0,9,5,-38.1109156,144.65417250000002,-37.79457,144.9358023,45740.0,2018-02-04,11:12:41,10989.12,14:15:50,16.5
250,ID1610189481,0,2,7,-37.813750399999996,144.9376603,-37.8618349,144.90571599999998,10544.0,2018-03-06,13:02:09,3431.7,13:59:20,11.63
251,ID1884405247,0,3,9,-37.816011100000004,145.0057554,-38.1109156,144.65417250000002,47435.0,2018-03-02,21:48:27,11396.22,00:58:23,21.05
252,ID1515910454,0,5,9,-37.8117547,144.9361055,-38.1109156,144.65417250000002,42796.0,2018-04-20,14:22:24,10254.72,17:13:18,16.14
253,ID3264330173,1,4,8,-37.8121826,145.01638789999998,-37.807202000000004,145.0266373,2681.0,2018-05-28,07:49:48,639.06,08:00:27,9.76
254,ID1117210483,0,6,9,-37.7874325,144.9803767,-38.1109156,144.65417250000002,47033.0,2018-04-12,17:48:45,11350.5,20:57:55,16.88
255,ID1856613845,0,3,7,-37.8252138,144.98471980000002,-37.8618349,144.90571599999998,8988.0,2018-04-16,06:02:11,2964.78,06:51:35,5.41
256,ID5427851971,2,5,2,-37.805375299999994,144.9347304,-37.8131612,144.9384008,1229.0,2018-02-26,23:50:37,309.84,23:55:46,55.97
257,ID3496333535,1,8,2,-37.807202000000004,145.0266373,-37.823648299999995,144.940564,8952.0,2018-07-22,10:36:06,2279.88,11:14:05,20.44
258,ID1660604516,0,7,5,-37.8618349,144.90571599999998,-37.8100641,144.9305062,11758.0,2018-02-09,14:15:33,3751.32,15:18:04,10.76
259,ID1630118134,0,6,2,-37.7907967,144.985865,-37.8162309,144.9451079,5461.0,2018-06-22,23:44:09,1433.34,00:08:02,13.85
260,ID1286558996,0,2,6,-37.8135919,144.93780800000002,-37.7907967,144.985865,6033.0,2018-01-24,07:11:24,1664.4,07:39:08,3.82
261,ID5249857737,2,9,4,-38.1109156,144.65417250000002,-37.8145049,144.99991740000002,47002.0,2018-07-20,21:27:17,11299.74,00:35:36,927.75
262,ID1777569432,0,7,1,-37.8618349,144.90571599999998,-37.7988449,144.9537742,9981.0,2018-07-22,19:57:24,3319.62,20:52:43,15.22
263,ID3339037921,1,5,8,-37.8152417,144.9276167,-37.8158343,145.04645,11800.0,2018-01-25,01:44:55,3274.92,02:39:29,29.04
264,ID1392771901,0,5,2,-37.8187113,144.9167717,-37.8211813,144.9472961,3257.0,2018-02-16,06:31:38,864.6,06:46:02,5.07
265,ID1308342363,0,4,1,-37.7967236,145.0096021,-37.811840999999994,144.9564872,5833.0,2018-04-20,07:43:44,1510.02,08:08:54,4.23
266,ID3434372841,1,4,7,-37.8071263,144.9915639,-37.8618349,144.90571599999998,10550.0,2018-07-11,22:08:00,3467.16,23:05:47,28.66
267,ID1760911139,0,8,9,-37.8158343,145.04645,-38.1109156,144.65417250000002,51032.0,2018-06-18,08:21:57,12681.06,11:53:18,13.46
268,ID3737920223,1,3,4,-37.817485299999994,145.00441569999998,-37.8038968,145.00363159999998,2441.0,2018-05-25,00:33:45,584.58,00:43:29,16.9
269,ID1634958200,0,8,7,-37.8158343,145.04645,-37.8618349,144.90571599999998,15151.0,2018-05-18,16:00:35,4917.48,17:22:32,13.09
270,ID3838891161,1,8,7,-37.8158343,145.04645,-37.8618349,144.90571599999998,15151.0,2018-06-15,23:38:09,4917.48,01:00:06,37.6
271,ID3429904052,1,3,5,-37.8233855,144.96604399999998,-37.8050396,144.9267227,4590.0,2018-02-03,23:02:36,1118.58,23:21:14,21.85
272,ID1488849814,0,8,5,-37.8158343,145.04645,-37.8000554,144.9284168,11076.0,2018-06-06,01:39:04,3072.54,02:30:16,14.98
273,ID3862614829,1,3,1,-37.8212576,144.9832656,-37.817911200000005,144.9667569,1718.0,2018-07-09,07:16:15,421.08,07:23:16,7.0
274,ID1143337139,0,4,2,-37.7987123,145.0034788,-37.8254365,144.93589680000002,8090.0,2018-07-27,05:04:18,2124.66,05:39:42,15.33
275,ID1751616374,0,8,2,-37.807202000000004,145.0266373,-37.812257,144.9366091,8914.0,2018-06-09,20:08:25,2244.96,20:45:49,13.36
276,ID3745683117,1,8,5,-37.8158343,145.04645,-37.801311,144.9212335,11365.0,2018-07-26,03:45:23,3197.52,04:38:40,27.52
277,ID3975467823,1,4,7,-37.803326500000004,144.9944293,-37.8618349,144.90571599999998,11155.0,2018-03-05,15:34:23,3641.76,16:35:04,25.88
278,ID3486649893,1,8,1,-37.8158343,145.04645,-37.8137047,144.9655369,7708.0,2018-02-03,14:07:53,2179.02,14:44:12,21.41
279,ID1878490508,0,2,1,-37.8134906,144.9310399,-37.821056,144.9550741,3570.0,2018-06-09,19:55:22,918.54,20:10:40,13.14
280,ID3983402956,1,6,5,-37.773845,144.9836895,-37.8163872,144.9285555,8740.0,2018-02-25,03:33:46,1960.98,04:06:26,27.38
281,ID3821418960,1,1,4,-37.8197664,144.9590228,-37.803988000000004,144.9903656,3811.0,2018-03-21,23:46:29,988.5,00:02:57,18.31
282,ID3451148325,1,2,5,-37.8141043,144.9378236,-37.8129576,144.933682,1684.0,2018-06-14,01:10:14,413.34,01:17:07,15.71
283,ID1725789733,0,9,2,-38.1109156,144.65417250000002,-37.8163425,144.9373093,42582.0,2018-07-06,05:13:51,10230.0,08:04:21,20.9
284,ID5212934733,2,5,4,-37.814957899999996,144.9275311,-37.8108507,144.9982309,7648.0,2018-04-22,01:46:48,1974.72,02:19:42,194.27
285,ID1720099350,0,8,9,-37.807202000000004,145.0266373,-38.1109156,144.65417250000002,49777.0,2018-06-10,10:06:14,12069.78,13:27:23,15.6
